Workbook

Sheet products
A1: 품목코드(이카운트) | B1: 바코드(SKU) | C1: 바코드(INN) | D1: 바코드(카톤) | E1: 품목명(이카운트) | F1: 상태 | G1: 판매처 | H1: 판매처관리코드 | I1: 판매처 품목명 | J1: 판매처구분 | K1: 규격 | L1: 구매처 | M1: 수급형태 | N1: 발주부서 | O1: 발주담당자 | P1: 구매처 품목코드 | Q1: 구매처 품목명 | R1: 창고그룹(이카운트) | S1: 사용창고 | T1: 구분 | U1: 카테고리
A2: 8809057631012 | B2: 8809057631012 | C2: 18809057631019 | E2: 큐플래시3기능무드라이트 | F2: 판매중 | G2: 이마트 | J2: 단일 | M2: 무역(수입) | N2: 글로벌소싱부 | R2: 유통사업부 | S2: 유통사업부, 아세로직스 | T2: [상품]
A3: 8809057631029 | B3: 8809057631029 | C3: 18809057631026 | E3: 큐플래시2기능다용도작업등 | F3: 판매중 | G3: 이마트 | J3: 단일 | L3: NINGBO FLASH I&E CO., LTD | M3: 무역(수입) | N3: 글로벌소싱부 | R3: 유통사업부 | S3: 유통사업부, 아세로직스 | T3: [상품]
A4: 8809057631043 | B4: 8809057631043 | C4: 18809057631040 | E4: 큐플래시2기능캠핑라이트 | F4: 판매중 | G4: 이마트 | J4: 단일 | L4: NINGBO FLASH I&E CO., LTD | M4: 무역(수입) | N4: 글로벌소싱부 | R4: 유통사업부 | S4: 유통사업부, 아세로직스 | T4: [상품]
A5: 8809057632101 | B5: 8809057632101 | C5: 18809057632108 | E5: TSP/케이블타이3종세트 | F5: 판매중 | G5: 이마트 | H5: 8809057632101 | I5: 다용도 케이블타이 3종세트 | J5: 단일 | K5: 2.5/3.6/4.8mm75P | L5: ANHUI TAIKONG PLASTIC INDUSTRY CO., LTD | M5: 무역(수입) | N5: 글로벌소싱부 | R5: 유통사업부 | S5: 유통사업부, 아세로직스 | T5: [상품]
A6: 8809057632118 | B6: 8809057632118 | C6: 18809057632115 | E6: TSP/릴리서블케이블타이2종세트 [3.6／4.8mm] | F6: 판매중 | G6: 이마트 | H6: 8809057632118 | I6: 릴리서블 케이블타이 2종세트 | J6: 단일 | K6: 3.6／4.8mm | L6: SHANGHAI NEW CENTURY MACHINERY CO., LTD | M6: 무역(수입) | N6: 글로벌소싱부 | R6: 유통사업부 | S6: 유통사업부, 아세로직스 | T6: [상품]
A7: H8809057638615 | B7: 8809057638615 | C7: 18809057638612 | E7: H/전공양용드라이버2종세트 | F7: 판매중 | G7: 이마트 | J7: 단일 | L7: NINGBO ZENMY IMP AND EXP CO., LTD | M7: 무역(수입) | N7: 글로벌소싱부 | R7: 유통사업부 | S7: 유통사업부, 아세로직스 | T7: [상품]
A8: H8809057638714 | B8: 8809057638714 | C8: 18809057638711 | E8: H/러버줄자10m | F8: 판매중 | G8: 이마트 | J8: 단일 | L8: HENAN YADONG MEASURING TOOLS CO., LTD | M8: 무역(수입) | N8: 글로벌소싱부 | R8: 유통사업부 | S8: 유통사업부, 아세로직스 | T8: [상품]
A9: 2018121000001 | B9: 8809057638882 | C9: 18809057638889 | E9: EMA/필수공구12종세트 | F9: 판매중 | G9: 이마트 | J9: 단일 | L9: WENZHOU ZHONGSHENG HARDWARE CO., LTD | M9: 무역(수입) | N9: 글로벌소싱부 | R9: 유통사업부 | S9: 유통사업부, 아세로직스 | T9: [상품]
A10: 2018121000002 | B10: 8809057638899 | C10: 18809057638896 | E10: EMA/필수철물10종세트 | F10: 판매중 | G10: 이마트 | J10: 단일 | L10: WENZHOU ZHONGSHENG HARDWARE CO., LTD | M10: 무역(수입) | N10: 글로벌소싱부 | R10: 유통사업부 | S10: 유통사업부, 아세로직스 | T10: [상품]
A11: 8809057638929 | B11: 8809057638929 | C11: 18809057638926 | E11: EMA/플렉시블정밀드라이버세트12in1 | F11: 판매중 | G11: 이마트 | J11: 단일 | M11: 무역(수입) | N11: 글로벌소싱부 | R11: 유통사업부 | S11: 유통사업부, 아세로직스 | T11: [상품]
A12: 8809057638943 | B12: 8809057638943 | C12: 18809057638940 | E12: EMA/미니포켓드라이버 | F12: 판매중 | G12: 이마트 | J12: 단일 | M12: 무역(수입) | N12: 글로벌소싱부 | R12: 유통사업부 | S12: 유통사업부, 아세로직스 | T12: [상품]
A13: 2020072000001 | B13: 8809057405125 | C13: 18809057405122 | E13: TP/하이홈 간편작업용 홈실리콘 투명 | F13: 판매중 | G13: 이마트 | H13: 8809057405125 | I13: 하이홈 일반용(투명) 80ml | J13: 단일 | K13: 80ml | L13: 주식회사 탑씰 | M13: 국내사입 | R13: 유통사업부 | S13: 유통사업부, 아세로직스 | T13: [상품]
A14: 2020072000002 | B14: 8809057405132 | C14: 18809057405139 | E14: TP/하이홈 욕실주방용 홈실리콘 백색 | F14: 판매중 | G14: 이마트 | J14: 단일 | K14: 100ml | L14: 주식회사 탑씰 | M14: 국내사입 | R14: 유통사업부 | S14: 유통사업부, 아세로직스 | T14: [상품]
A15: 2020072000004 | B15: 8809057405149 | C15: 18809057405146 | E15: TP/하이홈 욕실주방용 홈실리콘 투명 | F15: 판매중 | G15: 이마트 | J15: 단일 | K15: 100ml | L15: 주식회사 탑씰 | M15: 국내사입 | R15: 유통사업부 | S15: 유통사업부, 아세로직스 | T15: [상품]
A16: 2019070500005 | B16: 8809599840422 | C16: 18809599840429 | E16: 제로나인고무망치 | F16: 판매중 | G16: 이마트 | J16: 단일 | K16: 338g | L16: ZHEJIANG YONGKANG JIANLI TOOLS CO., LTD | M16: 무역(수입) | N16: 글로벌소싱부 | R16: 유통사업부 | S16: 유통사업부, 아세로직스 | T16: [상품]
A17: 2020072000003 | B17: 8809057405118 | C17: 18809057405115 | E17: TP/하이홈 간편작업용 홈실리콘 백색 | F17: 판매중 | G17: 이마트 | H17: 8809057405118 | I17: 하이홈 일반용(백색) 80ml | J17: 단일 | K17: 80ml | L17: 주식회사 탑씰 | M17: 국내사입 | R17: 유통사업부 | S17: 유통사업부, 아세로직스 | T17: [상품]
A18: 2019070500001 | B18: 8809599840385 | C18: 18809599840382 | E18: 제로나인에르고노믹펜치205mm | F18: 판매중 | G18: 이마트 | H18: 8809599840385 | I18: 제로나인펜치 205MM | J18: 단일 | K18: 205mm | L18: NINGBO ZENMY IMP AND EXP CO., LTD | M18: 무역(수입) | N18: 글로벌소싱부 | R18: 유통사업부 | S18: 유통사업부, 아세로직스 | T18: [상품]
A19: 2019070500002 | B19: 8809599840392 | C19: 18809599840399 | E19: 제로나인에르고노믹니퍼185mm | F19: 판매중 | G19: 이마트 | H19: 8809599840392 | I19: 제로나인니퍼 185MM | J19: 단일 | K19: 185mm | L19: NINGBO ZENMY IMP AND EXP CO., LTD | M19: 무역(수입) | N19: 글로벌소싱부 | R19: 유통사업부 | S19: 유통사업부, 아세로직스 | T19: [상품]
A20: 2019070500003 | B20: 8809599840408 | C20: 18809599840405 | E20: 제로나인에르고노믹롱노우즈185mm | F20: 판매중 | G20: 이마트 | H20: 8809599840408 | I20: 제로나인롱노우즈 185MM | J20: 단일 | K20: 185mm | L20: NINGBO ZENMY IMP AND EXP CO., LTD | M20: 무역(수입) | N20: 글로벌소싱부 | R20: 유통사업부 | S20: 유통사업부, 아세로직스 | T20: [상품]
A21: 2019070500004 | B21: 8809599840415 | C21: 18809599840412 | E21: 제로나인스틸망치 8OZ | F21: 판매중 | G21: 이마트 | H21: 8809599840415 | I21: 제로나인 스틸 망치 | J21: 단일 | K21: 8OZ | L21: LINYI HUACHUAN IMPORT AND EXPORT CO., LTD | M21: 무역(수입) | N21: 글로벌소싱부 | R21: 유통사업부 | S21: 유통사업부, 아세로직스 | T21: [상품]
A22: 2019070500006 | B22: 8809599840439 | C22: 18809599840436 | E22: 제로나인논슬립양용드라이버118mm | F22: 판매중 | G22: 이마트 | H22: 8809599840439 | I22: 제로나인 논슬립 양용 드라이버 | J22: 단일 | K22: 118mm | L22: SHANGQIU KEMING INDUSTRIAL AND MEASURING TOOLS CO. | M22: 무역(수입) | N22: 글로벌소싱부 | R22: 유통사업부 | S22: 유통사업부, 아세로직스 | T22: [상품]
A23: 2020041400015 | B23: 8809599840897 | C23: 18809599840897 | E23: 제로나인전선정리스테플20p | F23: 판매중 | G23: 이마트 | H23: 8809599840897 | I23: 제로나인 전선정리 스테플 20P | J23: 단일 | K23: 17mm | L23: WENZHOU ZHONGSHENG HARDWARE CO., LTD | M23: 무역(수입) | N23: 글로벌소싱부 | R23: 유통사업부 | S23: 유통사업부, 아세로직스 | T23: [제품]
A24: 2020041400010 | B24: 8809599840842 | C24: 18809599840842 | E24: 제로나인석고보드용못30mm(25p) | F24: 판매중 | G24: 이마트 | H24: 8809599840842 | I24: 제로나인 석고보드용 못 25P - 30mm | J24: 단일 | K24: 3.5*30mm | L24: WENZHOU ZHONGSHENG HARDWARE CO., LTD | M24: 무역(수입) | N24: 글로벌소싱부 | R24: 유통사업부 | S24: 유통사업부, 아세로직스 | T24: [제품]
A25: 2020041400011 | B25: 8809599840859 | C25: 18809599840859 | E25: 제로나인콘크리트못38mm(25p) | F25: 판매중 | G25: 이마트 | H25: 8809599840859 | I25: 제로나인 콘크리트못 25P - 38mm | J25: 단일 | K25: 38mm | L25: WENZHOU ZHONGSHENG HARDWARE CO., LTD | M25: 무역(수입) | N25: 글로벌소싱부 | R25: 유통사업부 | S25: 유통사업부, 아세로직스 | T25: [상품]
A26: 2020041400012 | B26: 8809599840866 | C26: 18809599840866 | E26: 제로나인콘크리트못50mm(25p) | F26: 판매중 | G26: 이마트 | J26: 단일 | K26: 50mm | L26: WENZHOU ZHONGSHENG HARDWARE CO., LTD | M26: 무역(수입) | N26: 글로벌소싱부 | R26: 유통사업부 | S26: 유통사업부, 아세로직스 | T26: [상품]
A27: 2020041400013 | B27: 8809599840873 | C27: 18809599840873 | E27: 제로나인스테인레스못20mm(25p) | F27: 판매중 | G27: 이마트 | H27: 8809599840873 | I27: 제로나인 스텐레스못 25P - 20mm | J27: 단일 | K27: 3.5*20mm | L27: WENZHOU ZHONGSHENG HARDWARE CO., LTD | M27: 무역(수입) | N27: 글로벌소싱부 | R27: 유통사업부 | S27: 유통사업부, 아세로직스 | T27: [제품]
A28: 2020041400014 | B28: 8809599840880 | C28: 18809599840880 | E28: 제로나인타격앙카12PC | F28: 판매중 | G28: 이마트 | H28: 8809599840880 | I28: 제로나인 타격 앙카 12P - 5mm | J28: 단일 | K28: 5mm | L28: WENZHOU ZHONGSHENG HARDWARE CO., LTD | M28: 무역(수입) | N28: 글로벌소싱부 | R28: 유통사업부 | S28: 유통사업부, 아세로직스 | T28: [제품]
A29: 2020041400016 | B29: 8809599840903 | C29: 18809599840903 | E29: 제로나인전선정리마운트15p | F29: 판매중 | G29: 이마트 | J29: 단일 | K29: 20*20mm | L29: WENZHOU ZHONGSHENG HARDWARE CO., LTD | M29: 무역(수입) | N29: 글로벌소싱부 | R29: 유통사업부 | S29: 유통사업부, 아세로직스 | T29: [제품]
A30: 2020041400017 | B30: 8809599840910 | C30: 18809599840910 | E30: 제로나인칼블럭7mm(25p) | F30: 판매중 | G30: 이마트 | J30: 단일 | K30: 7mm | L30: WENZHOU ZHONGSHENG HARDWARE CO., LTD | M30: 무역(수입) | N30: 글로벌소싱부 | R30: 유통사업부 | S30: 유통사업부, 아세로직스 | T30: [반제품]
A31: 2020041400018 | B31: 8809599840927 | C31: 18809599840927 | E31: 제로나인심플선반다보12p | F31: 판매중 | G31: 이마트 | H31: 8809599840927 | I31: 제로나인 심플 선반다보 12P | J31: 단일 | K31: 4mm | L31: WENZHOU ZHONGSHENG HARDWARE CO., LTD | M31: 무역(수입) | N31: 글로벌소싱부 | R31: 유통사업부 | S31: 유통사업부, 아세로직스 | T31: [반제품]
A32: 2020051500001 | B32: 8809599840934 | C32: 18809599840931 | E32: 제로나인와이어액자걸이 | F32: 판매중 | G32: 이마트 | J32: 단일 | K32: 108cm | L32: NINGBO SOURCE E-BUSINESS CO., LTD | M32: 무역(수입) | N32: 글로벌소싱부 | R32: 유통사업부 | S32: 유통사업부, 아세로직스 | T32: [상품]
A33: 2020120700001 | B33: 8809599840972 | C33: 18809599840979 | E33: 제로나인글루건세트 | F33: 판매중 | G33: 이마트 | J33: 단일 | K33: 40W/10P | L33: NINGBO KINGVOS ELECTRICAL APPLIANCE CO., LTD | M33: 무역(수입) | N33: 글로벌소싱부 | R33: 유통사업부 | S33: 유통사업부, 아세로직스 | T33: [상품]
A34: 2020051500002 | B34: 8809599840736 | C34: 18809599840733 | E34: 제로나인다용도S자고리3p(대) | F34: 판매중 | G34: 이마트 | H34: 8809599840736 | I34: 제로나인 S자 고리 90mm 3P | J34: 단일 | K34: 9cm | L34: NINGBO SOURCE E-BUSINESS CO., LTD | M34: 무역(수입) | N34: 글로벌소싱부 | R34: 유통사업부 | S34: 유통사업부, 아세로직스 | T34: [상품]
A35: 2019100200001 | B35: 8809599840583 | C35: 18809599840580 | E35: 제로나인멍키파이프렌치세트 | F35: 판매중 | G35: 이마트 | J35: 단일 | K35: 46P SET | L35: NINGBO LIXIN TOOLS CO., LTD | M35: 무역(수입) | N35: 글로벌소싱부 | R35: 유통사업부 | S35: 유통사업부, 아세로직스 | T35: [상품]
A36: 2019082900002 | B36: 8809599840613 | C36: 18809599840610 | E36: 제로나인각도조절라쳇드라이버 | F36: 판매중 | G36: 이마트 | H36: 8809599840613 | I36: 제로나인 각도조절 라쳇 드라이버 | J36: 단일 | K36: 12in1 | M36: 무역(수입) | N36: 글로벌소싱부 | R36: 유통사업부 | S36: 유통사업부, 아세로직스 | T36: [상품]
A37: 2019082900001 | B37: 8809599840620 | C37: 18809599840627 | E37: 제로나인다용도소켓드라이버 | F37: 판매중 | G37: 이마트 | J37: 단일 | K37: 21in1 | L37: HANGZHOU SHENGDEYI PLASTIC AND ELETROMECHANICAL CO., LTD | M37: 무역(수입) | N37: 글로벌소싱부 | R37: 유통사업부 | S37: 유통사업부, 아세로직스 | T37: [상품]
A38: 2020051500003 | B38: 8809599840743 | C38: 18809599840740 | E38: 제로나인다용도S자고리5p(소) | F38: 판매중 | G38: 이마트 | H38: 8809599840743 | I38: 제로나인 S자 고리 70mm 5P | J38: 단일 | K38: 7cm | L38: NINGBO SOURCE E-BUSINESS CO., LTD | M38: 무역(수입) | N38: 글로벌소싱부 | R38: 유통사업부 | S38: 유통사업부, 아세로직스 | T38: [상품]
A39: 2020041400001 | B39: 8809599840750 | C39: 18809599840750 | E39: 제로나인액자걸이2p | F39: 판매중 | G39: 이마트 | J39: 단일 | K39: 40mm | L39: WENZHOU ZHONGSHENG HARDWARE CO., LTD | M39: 무역(수입) | N39: 글로벌소싱부 | R39: 유통사업부 | S39: 유통사업부, 아세로직스 | T39: [상품]
A40: 2020041400002 | B40: 8809599840767 | C40: 18809599840767 | E40: 제로나인걸고리 | F40: 판매중 | G40: 이마트 | J40: 단일 | K40: 75mm | L40: WENZHOU ZHONGSHENG HARDWARE CO., LTD | M40: 무역(수입) | N40: 글로벌소싱부 | R40: 유통사업부 | S40: 유통사업부, 아세로직스 | T40: [상품]
A41: 2020041400003 | B41: 8809599840774 | C41: 18809599840774 | E41: 제로나인동도금경첩1PC | F41: 판매중 | G41: 이마트 | J41: 단일 | K41: 34*50mm | L41: WENZHOU ZHONGSHENG HARDWARE CO., LTD | M41: 무역(수입) | N41: 글로벌소싱부 | R41: 유통사업부 | S41: 유통사업부, 아세로직스 | T41: [상품]
A42: 2020041400004 | B42: 8809599840781 | C42: 18809599840781 | E42: 제로나인아연도금경첩1PC | F42: 판매중 | G42: 이마트 | J42: 단일 | K42: 40*70mm | L42: WENZHOU ZHONGSHENG HARDWARE CO., LTD | M42: 무역(수입) | N42: 글로벌소싱부 | R42: 유통사업부 | S42: 유통사업부, 아세로직스 | T42: [상품]
A43: 2020041400008 | B43: 8809599840828 | C43: 18809599840828 | E43: 제로나인목재용나사못30mm(20p) | F43: 판매중 | G43: 이마트 | J43: 단일 | K43: 3.5*30mm | L43: WENZHOU ZHONGSHENG HARDWARE CO., LTD | M43: 무역(수입) | N43: 글로벌소싱부 | R43: 유통사업부 | S43: 유통사업부, 아세로직스 | T43: [상품]
A44: 2020041400005 | B44: 8809599840798 | C44: 18809599840798 | E44: 제로나인둥근머리직결나사못25p | F44: 판매중 | G44: 이마트 | H44: 8809599840798 | I44: 제로나인 둥근머리 직결나사못 20P - 27mm | J44: 단일 | K44: 3*25mm | L44: WENZHOU ZHONGSHENG HARDWARE CO., LTD | M44: 무역(수입) | N44: 글로벌소싱부 | R44: 유통사업부 | S44: 유통사업부, 아세로직스 | T44: [제품]
A45: 2020041400006 | B45: 8809599840804 | C45: 18809599840804 | E45: 제로나인직결나사못19mm(20p) | F45: 판매중 | G45: 이마트 | H45: 8809599840804 | I45: 제로나인 직결나사못-19mm | J45: 단일 | K45: 3.5*19mm | L45: WENZHOU ZHONGSHENG HARDWARE CO., LTD | M45: 무역(수입) | N45: 글로벌소싱부 | R45: 유통사업부 | S45: 유통사업부, 아세로직스 | T45: [상품]
A46: 2020041400007 | B46: 8809599840811 | C46: 18809599840811 | E46: 제로나인직결나사못25mm(25p) | F46: 판매중 | G46: 이마트 | H46: 8809599840811 | I46: 제로나인 직결나사못 25P - 25mm | J46: 단일 | K46: 3.5*25mm | L46: WENZHOU ZHONGSHENG HARDWARE CO., LTD | M46: 무역(수입) | N46: 글로벌소싱부 | R46: 유통사업부 | S46: 유통사업부, 아세로직스 | T46: [제품]
A47: 2020041400009 | B47: 8809599840835 | C47: 18809599840835 | E47: 제로나인목재용나사못40mm(25p) | F47: 판매중 | G47: 이마트 | H47: 8809599840835 | I47: 제로나인 목재용 나사못 20P - 40mm | J47: 단일 | K47: 3.5*40mm | L47: WENZHOU ZHONGSHENG HARDWARE CO., LTD | M47: 무역(수입) | N47: 글로벌소싱부 | R47: 유통사업부 | S47: 유통사업부, 아세로직스 | T47: [제품]
A48: 2019070500010 | B48: 8809599840477 | C48: 18809599840474 | E48: 제로나인줄자 3m | F48: 판매중 | G48: 이마트 | H48: 8809599840477 | I48: 제로나인 줄자3M | J48: 단일 | K48: 3m | L48: SHANGQIU KEMING INDUSTRIAL AND MEASURING TOOLS CO. | M48: 무역(수입) | N48: 글로벌소싱부 | R48: 유통사업부 | S48: 유통사업부, 아세로직스 | T48: [상품]
A49: 2019070500007 | B49: 8809599840446 | C49: 18809599840443 | E49: 제로나인미니포켓드라이버 | F49: 판매중 | G49: 이마트 | J49: 단일 | L49: NINGBO LIXIN TOOLS CO., LTD | M49: 무역(수입) | N49: 글로벌소싱부 | R49: 유통사업부 | S49: 유통사업부, 아세로직스 | T49: [상품]
A50: 2019070500008 | B50: 8809599840453 | C50: 18809599840450 | E50: 제로나인펜정밀드라이버 | F50: 판매중 | G50: 이마트 | J50: 단일 | M50: 무역(수입) | N50: 글로벌소싱부 | R50: 유통사업부 | S50: 유통사업부, 아세로직스 | T50: [상품]
A51: 2019070500009 | B51: 8809599840460 | C51: 18809599840467 | E51: 제로나인정밀드라이버세트 | F51: 판매중 | G51: 이마트 | H51: 8809599840460 | I51: 제로나인 정밀 드라이버 세트 | J51: 단일 | L51: NINGBO FLASH I&E CO., LTD | M51: 무역(수입) | N51: 글로벌소싱부 | R51: 유통사업부 | S51: 유통사업부, 아세로직스 | T51: [상품]
A52: 2019070500011 | B52: 8809599840484 | C52: 18809599840481 | E52: 제로나인육각렌치 10p | F52: 판매중 | G52: 이마트 | H52: 8809599840484 | I52: 제로나인 육각 렌치세트 | J52: 단일 | K52: 10p | L52: NINGBO FLASH I&E CO., LTD | M52: 무역(수입) | N52: 글로벌소싱부 | R52: 유통사업부 | S52: 유통사업부, 아세로직스 | T52: [상품]
A53: 2019070500012 | B53: 8809599840491 | C53: 18809599840498 | E53: 제로나인와이어스트리퍼175mm | F53: 판매중 | G53: 이마트 | H53: 8809599840491 | I53: 제로나인 와이어 스트리퍼 175MM | J53: 단일 | K53: 175mm | L53: NINGBO XINJIAN TOOLS CO., LTD | M53: 무역(수입) | N53: 글로벌소싱부 | R53: 유통사업부 | S53: 유통사업부, 아세로직스 | T53: [상품]
A54: 2019070500013 | B54: 8809599840507 | C54: 18809599840504 | E54: 제로나인미니헥소250mm | F54: 판매중 | G54: 이마트 | H54: 8809599840507 | I54: 제로나인 미니헥소 250MM | J54: 단일 | K54: 250mm | L54: YONGKANG HUARUI IMP AND EXP CO., LTD | M54: 무역(수입) | N54: 글로벌소싱부 | R54: 유통사업부 | S54: 유통사업부, 아세로직스 | T54: [상품]
A55: 2019070500014 | B55: 8809599840514 | C55: 18809599840511 | E55: 제로나인스크레퍼75mm | F55: 판매중 | G55: 이마트 | H55: 8809599840514 | I55: 제로나인다용도스크레퍼 75MM | J55: 단일 | K55: 75mm | L55: YUYAO LINSHAN XINFEI ELECTRIC APPLIANCE FACTORY | M55: 무역(수입) | N55: 글로벌소싱부 | R55: 유통사업부 | S55: 유통사업부, 아세로직스 | T55: [상품]
A56: 2019070500015 | B56: 8809599840521 | C56: 18809599840528 | E56: 제로나인플라이어200mm | F56: 판매중 | G56: 이마트 | H56: 8809599840521 | I56: 제로나인 플라이어 200mm | J56: 단일 | K56: 200mm | L56: ZHANGJIAGANG YONGFENG IMPORT AND EXPORT CO., LTD | M56: 무역(수입) | N56: 글로벌소싱부 | R56: 유통사업부 | S56: 유통사업부, 아세로직스 | T56: [상품]
A57: 2019070500016 | B57: 8809599840538 | C57: 18809599840535 | E57: 제로나인멍키스패너150mm | F57: 판매중 | G57: 이마트 | H57: 8809599840538 | I57: 제로나인 멍키렌치 150MM | J57: 단일 | K57: 150mm | L57: HUNAN GIGA TRADING CO., LTD | M57: 무역(수입) | N57: 글로벌소싱부 | R57: 유통사업부 | S57: 유통사업부, 아세로직스 | T57: [상품]
A58: 2019070500017 | B58: 8809599840545 | C58: 18809599840542 | E58: 제로나인커터칼18mm | F58: 판매중 | G58: 이마트 | H58: 8809599840545 | I58: 제로나인 작업용커터칼 18mm | J58: 단일 | K58: 18mm | L58: ZHEJIANG XINGDA STATIONERY CO., LTD | M58: 무역(수입) | N58: 글로벌소싱부 | R58: 유통사업부 | S58: 유통사업부, 아세로직스 | T58: [상품]
A59: 2019070500018 | B59: 8809599840552 | C59: 18809599840559 | E59: 제로나인다용도가위185mm | F59: 판매중 | G59: 이마트 | J59: 단일 | K59: 185mm | L59: YANGJIANG HAOQIAO HARDWARE PRODUCTS CO.,LTD | M59: 무역(수입) | N59: 글로벌소싱부 | R59: 유통사업부 | S59: 유통사업부, 아세로직스 | T59: [상품]
A60: 2019073000001 | B60: 8809599840569 | C60: 18809599840566 | E60: 제로나인생존툴세트 | F60: 판매중 | G60: 이마트 | J60: 단일 | M60: 무역(수입) | N60: 글로벌소싱부 | R60: 유통사업부 | S60: 유통사업부, 아세로직스 | T60: [상품]
A61: 2019100200002 | B61: 8809599840576 | C61: 18809599840573 | E61: 제로나인T-라쳇드라이버세트 | F61: 판매중 | G61: 이마트 | H61: 8809599840576 | I61: 제로나인 T-라쳇드라이버세트 | J61: 단일 | K61: 30P | L61: NINGBO LIXIN TOOLS CO., LTD | M61: 무역(수입) | N61: 글로벌소싱부 | R61: 유통사업부 | S61: 유통사업부, 아세로직스 | T61: [상품]
A62: 2020010700001 | B62: 8809148128520 | C62: 18809148128527 | E62: SS/마이티탭 일반콘센트 3구일자형 | F62: 판매중 | G62: 이마트 | J62: 단일 | K62: 16A | L62: 주식회사 신성전기산업 | M62: 국내사입 | R62: 유통사업부 | S62: 유통사업부, 아세로직스 | T62: [상품]
A63: 2021120600002 | B63: 8809148122597 | C63: 18809148122594 | E63: 라이너스 멀티탭 2구 6포트 3M (입수12입) | F63: 판매중 | G63: 이마트 | J63: 단일 | K63: TB2-6 | L63: YUYAO LINSHAN XINFEI ELECTRIC APPLIANCE FACTORY | M63: 무역(수입) | N63: 글로벌소싱부 | R63: 유통사업부 | S63: 유통사업부, 아세로직스 | T63: [상품]
A64: 2021120600004 | B64: 8809148122610 | C64: 18809148122617 | E64: 라이너스 멀티탭 3구 6포트 1.5M (입수12입) | F64: 판매중 | G64: 이마트 | J64: 단일 | K64: TB3-6 | L64: YUYAO LINSHAN XINFEI ELECTRIC APPLIANCE FACTORY | M64: 무역(수입) | N64: 글로벌소싱부 | R64: 유통사업부 | S64: 유통사업부, 아세로직스 | T64: [상품]
A65: 2021120600005 | B65: 8809148122627 | C65: 18809148122624 | E65: 라이너스 멀티탭 3구 6포트 3M (입수12입) | F65: 판매중 | G65: 이마트 | J65: 단일 | K65: TB3-6 | L65: YUYAO LINSHAN XINFEI ELECTRIC APPLIANCE FACTORY | M65: 무역(수입) | N65: 글로벌소싱부 | R65: 유통사업부 | S65: 유통사업부, 아세로직스 | T65: [상품]
A66: 2020010700005 | B66: 8809148128506 | C66: 18809148128503 | E66: SS/마이티탭 일반콘센트 3구 T자형 | F66: 판매중 | G66: 이마트 | J66: 단일 | K66: 16A | L66: 주식회사 신성전기산업 | M66: 국내사입 | R66: 유통사업부 | S66: 유통사업부, 아세로직스 | T66: [상품]
A67: 2020010700002 | B67: 8809148128513 | C67: 18809148128510 | E67: SS/마이티탭 스위치콘센트 3구 T자형 | F67: 판매중 | G67: 이마트 | J67: 단일 | K67: 16A | L67: 주식회사 신성전기산업 | M67: 국내사입 | R67: 유통사업부 | S67: 유통사업부, 아세로직스 | T67: [상품]
A68: 2020010700003 | B68: 8809148128537 | C68: 18809148128534 | E68: SS/마이티탭 스위치콘센트 3구 일자형 | F68: 판매중 | G68: 이마트 | J68: 단일 | K68: 16A | L68: 주식회사 신성전기산업 | M68: 국내사입 | R68: 유통사업부 | S68: 유통사업부, 아세로직스 | T68: [상품]
A69: 2020010700004 | B69: 8809148128544 | C69: 18809148128541 | E69: SS/마이티탭 콘센트안전커버 | F69: 판매중 | G69: 이마트 | J69: 단일 | K69: 6p | L69: 주식회사 신성전기산업 | M69: 국내사입 | R69: 유통사업부 | S69: 유통사업부, 아세로직스 | T69: [상품]
A70: 2020010700006 | B70: 8809148128551 | C70: 18809148128558 | E70: SS/마이티탭 안전멀티탭/콘센트 세트 | F70: 판매중 | G70: 이마트 | J70: 단일 | K70: 안전4구1.5*1개,3구T콘센트*2개 | L70: 주식회사 신성전기산업 | M70: 국내사입 | R70: 유통사업부 | S70: 유통사업부, 아세로직스 | T70: [상품]
A71: 2020072000005 | B71: 8809148128568 | C71: 18809148128565 | E71: SS/마이티탭 안전4구 2종세트 | F71: 판매중 | G71: 이마트 | J71: 단일 | K71: 안전4구1.5m/4구3m | L71: 주식회사 신성전기산업 | M71: 국내사입 | R71: 유통사업부 | S71: 유통사업부, 아세로직스 | T71: [상품]
A72: 8809148129923 | B72: 8809148129923 | C72: 18809148129920 | E72: EMA/퀸즈_LED정밀공예용조각칼15P | F72: 판매중 | G72: 이마트 | J72: 단일 | M72: 무역(수입) | N72: 글로벌소싱부 | R72: 유통사업부 | S72: 유통사업부, 아세로직스 | T72: [상품]
A73: 8809148129947 | B73: 8809148129947 | C73: 18809148129944 | E73: EMA/퀸즈_전기인두용땜납 | F73: 판매중 | G73: 이마트 | J73: 단일 | K73: 10g | M73: 무역(수입) | N73: 글로벌소싱부 | R73: 유통사업부 | S73: 유통사업부, 아세로직스 | T73: [상품]
A74: 2020021300008 | B74: 8809148122221 | C74: 18809148122228 | E74: SS/마이티탭 안전 4구 3M | F74: 판매중 | G74: 이마트 | J74: 단일 | K74: 16A | L74: 주식회사 신성전기산업 | M74: 국내사입 | R74: 유통사업부 | S74: 유통사업부, 아세로직스 | T74: [상품]
A75: 2020021300005 | B75: 8809148122191 | C75: 18809148122198 | E75: SS/마이티탭 안전 3구 3M | F75: 판매중 | G75: 이마트 | J75: 단일 | K75: 16A | L75: 주식회사 신성전기산업 | M75: 국내사입 | R75: 유통사업부 | S75: 유통사업부, 아세로직스 | T75: [상품]
A76: 2020021300006 | B76: 8809148122207 | C76: 18809148122204 | E76: SS/마이티탭 안전 3구 5M | F76: 판매중 | G76: 이마트 | J76: 단일 | K76: 16A | L76: 주식회사 신성전기산업 | M76: 국내사입 | R76: 유통사업부 | S76: 유통사업부, 아세로직스 | T76: [상품]
A77: 2020021300007 | B77: 8809148122214 | C77: 18809148122211 | E77: SS/마이티탭 안전 4구 1.5M | F77: 판매중 | G77: 이마트 | J77: 단일 | K77: 16A | L77: 주식회사 신성전기산업 | M77: 국내사입 | R77: 유통사업부 | S77: 유통사업부, 아세로직스 | T77: [상품]
A78: 2020021300009 | B78: 8809148122238 | C78: 18809148122235 | E78: SS/마이티탭 안전 4구 5M | F78: 판매중 | G78: 이마트 | J78: 단일 | K78: 16A | L78: 주식회사 신성전기산업 | M78: 국내사입 | R78: 유통사업부 | S78: 유통사업부, 아세로직스 | T78: [상품]
A79: 2020021300019 | B79: 8809148122337 | C79: 18809148122334 | E79: SS/마이티탭 개별 3구 1.5M | F79: 판매중 | G79: 이마트 | J79: 단일 | K79: 16A | L79: 주식회사 신성전기산업 | M79: 국내사입 | R79: 유통사업부 | S79: 유통사업부, 아세로직스 | T79: [상품]
A80: 2020021300020 | B80: 8809148122344 | C80: 18809148122341 | E80: SS/마이티탭 개별 3구 3M | F80: 판매중 | G80: 이마트 | J80: 단일 | K80: 16A | L80: 주식회사 신성전기산업 | M80: 국내사입 | R80: 유통사업부 | S80: 유통사업부, 아세로직스 | T80: [상품]
A81: 2020021300021 | B81: 8809148122351 | C81: 18809148122358 | E81: SS/마이티탭 개별 3구 5M | F81: 판매중 | G81: 이마트 | J81: 단일 | K81: 16A | L81: 주식회사 신성전기산업 | M81: 국내사입 | R81: 유통사업부 | S81: 유통사업부, 아세로직스 | T81: [상품]
A82: 2020021300022 | B82: 8809148122368 | C82: 18809148122365 | E82: SS/마이티탭 개별 4구 1.5M | F82: 판매중 | G82: 이마트 | J82: 단일 | K82: 16A | L82: 주식회사 신성전기산업 | M82: 국내사입 | R82: 유통사업부 | S82: 유통사업부, 아세로직스 | T82: [상품]
A83: 2020021300023 | B83: 8809148122375 | C83: 18809148122372 | E83: SS/마이티탭 개별 4구 3M | F83: 판매중 | G83: 이마트 | J83: 단일 | K83: 16A | L83: 주식회사 신성전기산업 | M83: 국내사입 | R83: 유통사업부 | S83: 유통사업부, 아세로직스 | T83: [상품]
A84: 2020021300024 | B84: 8809148122382 | C84: 18809148122389 | E84: SS/마이티탭 개별 4구 5M | F84: 판매중 | G84: 이마트 | J84: 단일 | K84: 16A | L84: 주식회사 신성전기산업 | M84: 국내사입 | R84: 유통사업부 | S84: 유통사업부, 아세로직스 | T84: [상품]
A85: 2020120700002 | B85: 8809148122474 | C85: 18809148122471 | E85: SS/마이티탭 안전3구 2종세트 | F85: 판매중 | G85: 이마트 | J85: 단일 | K85: 안전3구1.5m/3구3m (16A) | L85: 주식회사 신성전기산업 | M85: 국내사입 | R85: 유통사업부 | S85: 유통사업부, 아세로직스 | T85: [상품]
A86: 2020120700003 | B86: 8809148122481 | C86: 18809148122488 | E86: SS/마이티탭 개별4구 2종세트 | F86: 판매중 | G86: 이마트 | J86: 단일 | K86: 개별4구1.5m/4구3m (16A) | L86: 주식회사 신성전기산업 | M86: 국내사입 | R86: 유통사업부 | S86: 유통사업부, 아세로직스 | T86: [상품]
A87: 2021120600001 | B87: 8809148122580 | C87: 18809148122587 | E87: 라이너스 멀티탭 2구 6포트 1.5M (입수12입) | F87: 판매중 | G87: 이마트 | J87: 단일 | K87: TB2-6 | L87: YUYAO LINSHAN XINFEI ELECTRIC APPLIANCE FACTORY | M87: 무역(수입) | N87: 글로벌소싱부 | R87: 유통사업부 | S87: 유통사업부, 아세로직스 | T87: [상품]
A88: 8809148120586 | B88: 8809148120586 | C88: 18809148120583 | E88: 제로나인 케이블타이(100mm) | F88: 판매중 | G88: 이마트 | H88: 8809148120586 | I88: 제로나인 케이블타이 100MM | J88: 단일 | K88: 100mm | L88: ANHUI TAIKONG PLASTIC INDUSTRY CO., LTD | M88: 무역(수입) | N88: 글로벌소싱부 | R88: 유통사업부 | S88: 유통사업부, 아세로직스 | T88: [상품]
A89: 2020021300004 | B89: 8809148122184 | C89: 18809148122181 | E89: SS/마이티탭 안전 3구 1.5M | F89: 판매중 | G89: 이마트 | J89: 단일 | K89: 16A | L89: 주식회사 신성전기산업 | M89: 국내사입 | R89: 유통사업부 | S89: 유통사업부, 아세로직스 | T89: [상품]
A90: 2021120600007 | B90: 8809148122641 | C90: 18809148122648 | E90: 라이너스 멀티탭 큐브 3구 4포트 1.5M (입수12입) | F90: 판매중 | G90: 이마트 | J90: 단일 | K90: TC3-4 | L90: YUYAO LINSHAN XINFEI ELECTRIC APPLIANCE FACTORY | M90: 무역(수입) | N90: 글로벌소싱부 | R90: 유통사업부 | S90: 유통사업부, 아세로직스 | T90: [상품]
A91: 2021120800001 | B91: 8809148122658 | C91: 18809148122655 | E91: 라이너스 멀티탭 큐브 3구 4포트 3M (입수12입) | F91: 판매중 | G91: 이마트 | J91: 단일 | K91: TC3-4 | L91: YUYAO LINSHAN XINFEI ELECTRIC APPLIANCE FACTORY | M91: 무역(수입) | N91: 글로벌소싱부 | R91: 유통사업부 | S91: 유통사업부, 아세로직스 | T91: [상품]
A92: 8809148120593 | B92: 8809148120593 | C92: 18809148120590 | E92: 제로나인 케이블타이(150mm) | F92: 판매중 | G92: 이마트 | H92: 8809148120593 | I92: 제로나인 케이블타이 150mm | J92: 단일 | K92: 150mm | L92: ANHUI TAIKONG PLASTIC INDUSTRY CO., LTD | M92: 무역(수입) | N92: 글로벌소싱부 | R92: 유통사업부 | S92: 유통사업부, 아세로직스 | T92: [상품]
A93: 202304240003 | B93: 8809148120630 | C93: 18809148120637 | E93: 제로나인 자석 도어스토퍼(소) | F93: 판매중 | G93: 이마트 | J93: 단일 | K93: 28*30*90 | L93: 청구금속 | M93: 국내사입 | R93: 유통사업부 | S93: 유통사업부, 아세로직스 | T93: [상품]
A94: 8809148120609 | B94: 8809148120609 | C94: 18809148120606 | E94: 제로나인 케이블타이(200mm) | F94: 판매중 | G94: 이마트 | H94: 8809148120609 | I94: 제로나인 케이블타이 200mm | J94: 단일 | K94: 200mm | L94: ANHUI TAIKONG PLASTIC INDUSTRY CO., LTD | M94: 무역(수입) | N94: 글로벌소싱부 | R94: 유통사업부 | S94: 유통사업부, 아세로직스 | T94: [상품]
A95: 202304240001 | B95: 8809148120616 | C95: 18809148120613 | D95: 18809148120613 | E95: 제로나인 접착판 원터치 말굽(소) | F95: 판매중 | G95: 이마트 | H95: 8809148120616 | I95: 제로나인 접착식 원터치 도어스토퍼 (소) | J95: 다중 | K95: 130mm | L95: 청구금속 | R95: 유통사업부 | S95: 유통사업부, 아세로직스 | T95: [상품]
A96: 202304240002 | B96: 8809148120623 | C96: 18809148120620 | D96: 18809148120620 | E96: 제로나인 접착판 원터치 말굽(대) | F96: 판매중 | G96: 이마트 | H96: 8809148120623 | I96: 제로나인 접착식 원터치 도어스토퍼 (대) | J96: 다중 | K96: 170mm | L96: 청구금속 | R96: 유통사업부 | S96: 유통사업부, 아세로직스 | T96: [상품]
A97: 202304240004 | B97: 8809148120647 | C97: 18809148120644 | E97: 제로나인 자석 도어스토퍼(대) | F97: 판매중 | G97: 이마트 | J97: 단일 | K97: 44*30*90 | L97: 청구금속 | M97: 국내사입 | R97: 유통사업부 | S97: 유통사업부, 아세로직스 | T97: [상품]
A98: 2023101100004 | B98: 8809774025897 | C98: 18809774025894 | E98: DMK/<스피디> CP 일체형 미니 보조배터리 5000mAh | F98: 판매중 | G98: 이마트 | J98: 단일 | K98: SPE-PA5GPQCP/WH | L98: (주) 디엠케이코리아 | M98: 국내사입 | R98: 유통사업부 | S98: 유통사업부, 아세로직스 | T98: [상품]
A99: 8809148123099 | B99: 8809148123099 | C99: 18809148123096 | E99: EMA/하이홈 접착식 후크 반원형 | F99: 판매중 | G99: 이마트 | H99: 8809148123099 | I99: 하이홈 접착식 후크 반원형 | J99: 단일 | L99: YUYAO WIZARD SLIDERS HOUSEHOLD PRODUCTS CO., LTD | M99: 무역(수입) | N99: 글로벌소싱부 | R99: 유통사업부 | S99: 유통사업부, 아세로직스 | T99: [상품]
A100: 8809148123105 | B100: 8809148123105 | C100: 18809148123102 | E100: EMA/하이홈 방범용 모형감시카메라 | F100: 판매중 | G100: 이마트 | H100: 8809148123105 | I100: 하이홈 방범용 모형감시카메라 | J100: 단일 | L100: NINGBO FLASH I&E CO., LTD | M100: 무역(수입) | N100: 글로벌소싱부 | R100: 유통사업부 | S100: 유통사업부, 아세로직스 | T100: [상품]
...

Sheet Sheet1
A1: 거래처 | B1: 상품코드 | C1: 이카운트코드 | D1: 업체등록 상품명 | E1: 주문서 상품명 | F1: 일치여부 | G1: 업태상품조회 | H1: 광교점
A2: 이마트 | B2: 8809057631012 | C2: 8809057631012 | D2: Q플래쉬 3기능 무드 라이트 | E2: =VLOOKUP(B:B,주문서!A:B,2,0) -> #N/A | F2: =IF(D2=E2, "✅", "❌") -> #N/A | G2: =VLOOKUP(B:B,[1]업태상품목록!$B:$C,2,0) -> Q플래쉬 3기능 무드 라이트 | H2: =VLOOKUP(B:B,[2]점포상품목록!$D:$E,2,0) -> Q플래쉬 3기능 무드 라이트
A3: 이마트 | B3: 8809057631029 | C3: 8809057631029 | D3: 2기능 다용도 작업등 | E3: =VLOOKUP(B:B,주문서!A:B,2,0) -> #N/A | F3: =IF(D3=E3, "✅", "❌") -> #N/A | G3: =VLOOKUP(B:B,[1]업태상품목록!$B:$C,2,0) -> 2기능 다용도 작업등 | H3: =VLOOKUP(B:B,[2]점포상품목록!$D:$E,2,0) -> #N/A
A4: 이마트 | B4: 8809057631043 | C4: 8809057631043 | D4: 2기능 캠핑라이트 | E4: =VLOOKUP(B:B,주문서!A:B,2,0) -> #N/A | F4: =IF(D4=E4, "✅", "❌") -> #N/A | G4: =VLOOKUP(B:B,[1]업태상품목록!$B:$C,2,0) -> 2기능 캠핑라이트 | H4: =VLOOKUP(B:B,[2]점포상품목록!$D:$E,2,0) -> #N/A
A5: 이마트 | B5: 8809057632101 | C5: 8809057632101 | D5: 다용도 케이블타이 3종세트 | E5: =VLOOKUP(B:B,주문서!A:B,2,0) -> 다용도 케이블타이 3종세트 | F5: =IF(D5=E5, "✅", "❌") -> ✅ | G5: =VLOOKUP(B:B,[1]업태상품목록!$B:$C,2,0) -> 케이블타이3종세트 | H5: =VLOOKUP(B:B,[2]점포상품목록!$D:$E,2,0) -> 케이블타이3종세트
A6: 이마트 | B6: 8809057632118 | C6: 8809057632118 | D6: 릴리서블 케이블타이 2종세트 | E6: =VLOOKUP(B:B,주문서!A:B,2,0) -> 릴리서블 케이블타이 2종세트 | F6: =IF(D6=E6, "✅", "❌") -> ✅ | G6: =VLOOKUP(B:B,[1]업태상품목록!$B:$C,2,0) -> 릴리서블 케이블타이 2종세트 | H6: =VLOOKUP(B:B,[2]점포상품목록!$D:$E,2,0) -> 릴리서블 케이블타이 2종세트
A7: 이마트 | B7: 8809057638615 | C7: H8809057638615 | D7: 전공 양용 드라이버 2종 세트 | E7: =VLOOKUP(B:B,주문서!A:B,2,0) -> #N/A | F7: =IF(D7=E7, "✅", "❌") -> #N/A | G7: =VLOOKUP(B:B,[1]업태상품목록!$B:$C,2,0) -> 전공 양용 드라이버 2종 세트 | H7: =VLOOKUP(B:B,[2]점포상품목록!$D:$E,2,0) -> 전공 양용 드라이버 2종 세트
A8: 이마트 | B8: 8809057638714 | C8: H8809057638714 | D8: COMAX 러버 줄자10M | E8: =VLOOKUP(B:B,주문서!A:B,2,0) -> #N/A | F8: =IF(D8=E8, "✅", "❌") -> #N/A | G8: =VLOOKUP(B:B,[1]업태상품목록!$B:$C,2,0) -> COMAX 러버 줄자10M | H8: =VLOOKUP(B:B,[2]점포상품목록!$D:$E,2,0) -> COMAX 러버 줄자10M
A9: 이마트 | B9: 8809057638882 | C9: 2018121000001 | D9: 필수공구 12종세트 | E9: =VLOOKUP(B:B,주문서!A:B,2,0) -> #N/A | F9: =IF(D9=E9, "✅", "❌") -> #N/A | G9: =VLOOKUP(B:B,[1]업태상품목록!$B:$C,2,0) -> 필수공구 12종세트 | H9: =VLOOKUP(B:B,[2]점포상품목록!$D:$E,2,0) -> 필수공구 12종세트
A10: 이마트 | B10: 8809057638899 | C10: 2018121000002 | D10: 필수철물 10종세트 | E10: =VLOOKUP(B:B,주문서!A:B,2,0) -> #N/A | F10: =IF(D10=E10, "✅", "❌") -> #N/A | G10: =VLOOKUP(B:B,[1]업태상품목록!$B:$C,2,0) -> 필수철물 10종세트 | H10: =VLOOKUP(B:B,[2]점포상품목록!$D:$E,2,0) -> 필수철물 10종세트
A11: 이마트 | B11: 8809057638929 | C11: 8809057638929 | D11: 플렉시블드라이버세트 | E11: =VLOOKUP(B:B,주문서!A:B,2,0) -> #N/A | F11: =IF(D11=E11, "✅", "❌") -> #N/A | G11: =VLOOKUP(B:B,[1]업태상품목록!$B:$C,2,0) -> 플렉시블드라이버세트 | H11: =VLOOKUP(B:B,[2]점포상품목록!$D:$E,2,0) -> #N/A
A12: 이마트 | B12: 8809057638943 | C12: 8809057638943 | D12: 미니 포켓 드라이버 | E12: =VLOOKUP(B:B,주문서!A:B,2,0) -> #N/A | F12: =IF(D12=E12, "✅", "❌") -> #N/A | G12: =VLOOKUP(B:B,[1]업태상품목록!$B:$C,2,0) -> 미니 포켓 드라이버 | H12: =VLOOKUP(B:B,[2]점포상품목록!$D:$E,2,0) -> #N/A
A13: 이마트 | B13: 8809057405125 | C13: 2020072000001 | D13: 하이홈 일반용(투명) 80ml | E13: =VLOOKUP(B:B,주문서!A:B,2,0) -> 하이홈 일반용(투명) 80ml | F13: =IF(D13=E13, "✅", "❌") -> ✅ | G13: =VLOOKUP(B:B,[1]업태상품목록!$B:$C,2,0) -> 하이홈 일반용(투명) 80ml | H13: =VLOOKUP(B:B,[2]점포상품목록!$D:$E,2,0) -> 하이홈 일반용(투명) 80ml
A14: 이마트 | B14: 8809057405132 | C14: 2020072000002 | D14: 하이홈 욕실용(백색) 100ml | E14: =VLOOKUP(B:B,주문서!A:B,2,0) -> #N/A | F14: =IF(D14=E14, "✅", "❌") -> #N/A | G14: =VLOOKUP(B:B,[1]업태상품목록!$B:$C,2,0) -> 하이홈 욕실용(백색) 100ml | H14: =VLOOKUP(B:B,[2]점포상품목록!$D:$E,2,0) -> 하이홈 욕실용(백색) 100ml
A15: 이마트 | B15: 8809057405149 | C15: 2020072000004 | D15: 하이홈 욕실용(투명) 100ml | E15: =VLOOKUP(B:B,주문서!A:B,2,0) -> #N/A | F15: =IF(D15=E15, "✅", "❌") -> #N/A | G15: =VLOOKUP(B:B,[1]업태상품목록!$B:$C,2,0) -> 하이홈 욕실용(투명) 100ml | H15: =VLOOKUP(B:B,[2]점포상품목록!$D:$E,2,0) -> 하이홈 욕실용(투명) 100ml
A16: 이마트 | B16: 8809599840422 | C16: 2019070500005 | D16: 제로나인 고무망치 | E16: =VLOOKUP(B:B,주문서!A:B,2,0) -> #N/A | F16: =IF(D16=E16, "✅", "❌") -> #N/A | G16: =VLOOKUP(B:B,[1]업태상품목록!$B:$C,2,0) -> 제로나인 고무망치 | H16: =VLOOKUP(B:B,[2]점포상품목록!$D:$E,2,0) -> 제로나인 고무망치
A17: 이마트 | B17: 8809057405118 | C17: 2020072000003 | D17: 하이홈 일반용(백색) 80ml | E17: =VLOOKUP(B:B,주문서!A:B,2,0) -> 하이홈 일반용(백색) 80ml | F17: =IF(D17=E17, "✅", "❌") -> ✅ | G17: =VLOOKUP(B:B,[1]업태상품목록!$B:$C,2,0) -> 하이홈 일반용(백색) 80ml | H17: =VLOOKUP(B:B,[2]점포상품목록!$D:$E,2,0) -> 하이홈 일반용(백색) 80ml
A18: 이마트 | B18: 8809599840385 | C18: 2019070500001 | D18: 제로나인펜치 205MM | E18: =VLOOKUP(B:B,주문서!A:B,2,0) -> 제로나인펜치 205MM | F18: =IF(D18=E18, "✅", "❌") -> ✅ | G18: =VLOOKUP(B:B,[1]업태상품목록!$B:$C,2,0) -> 제로나인펜치 205MM | H18: =VLOOKUP(B:B,[2]점포상품목록!$D:$E,2,0) -> 제로나인펜치 205MM
A19: 이마트 | B19: 8809599840392 | C19: 2019070500002 | D19: 제로나인니퍼 185MM | E19: =VLOOKUP(B:B,주문서!A:B,2,0) -> 제로나인니퍼 185MM | F19: =IF(D19=E19, "✅", "❌") -> ✅ | G19: =VLOOKUP(B:B,[1]업태상품목록!$B:$C,2,0) -> 제로나인니퍼 185MM | H19: =VLOOKUP(B:B,[2]점포상품목록!$D:$E,2,0) -> 제로나인니퍼 185MM
A20: 이마트 | B20: 8809599840408 | C20: 2019070500003 | D20: 제로나인롱노우즈 185MM | E20: =VLOOKUP(B:B,주문서!A:B,2,0) -> 제로나인롱노우즈 185MM | F20: =IF(D20=E20, "✅", "❌") -> ✅ | G20: =VLOOKUP(B:B,[1]업태상품목록!$B:$C,2,0) -> 제로나인롱노우즈 185MM | H20: =VLOOKUP(B:B,[2]점포상품목록!$D:$E,2,0) -> 제로나인롱노우즈 185MM
... A107: 이마트 | B107: 8809148128575 | C107: 8809148128575 | D107: 콘센트타이머 슬림형 | E107: =VLOOKUP(B:B,주문서!A:B,2,0) -> 콘센트타이머 슬림형 | F107: =IF(D107=E107, "✅", "❌") -> ✅ | G107: =VLOOKUP(B:B,[1]업태상품목록!$B:$C,2,0) -> 콘센트타이머 슬림형 | H107: =VLOOKUP(B:B,[2]점포상품목록!$D:$E,2,0) -> 콘센트타이머 슬림형
A108: 이마트 | B108: 8809148123051 | C108: 8809148123051-1 | D108: 하이홈 접착식 드라이기걸이 플렉시블형 | E108: =VLOOKUP(B:B,주문서!A:B,2,0) -> 하이홈 접착식 드라이기걸이 플렉시블형 | F108: =IF(D108=E108, "✅", "❌") -> ✅ | G108: =VLOOKUP(B:B,[1]업태상품목록!$B:$C,2,0) -> 하이홈 접착식 드라이기걸이 플렉시블형 | H108: =VLOOKUP(B:B,[2]점포상품목록!$D:$E,2,0) -> 하이홈 접착식 드라이기걸이 플렉시블형
A109: 이마트 | B109: 8809148123075 | C109: 8809148123075 | D109: 하이홈 접착식 드라이기선반 | E109: =VLOOKUP(B:B,주문서!A:B,2,0) -> 하이홈 접착식 드라이기선반 | F109: =IF(D109=E109, "✅", "❌") -> ✅ | G109: =VLOOKUP(B:B,[1]업태상품목록!$B:$C,2,0) -> 하이홈 접착식 드라이기선반 | H109: =VLOOKUP(B:B,[2]점포상품목록!$D:$E,2,0) -> 하이홈 접착식 드라이기선반
A110: 이마트 | B110: 8809148123082 | C110: 8809148123082-1 | D110: 하이홈 접착식 후크 고리형 | E110: =VLOOKUP(B:B,주문서!A:B,2,0) -> 하이홈 접착식 후크 고리형 | F110: =IF(D110=E110, "✅", "❌") -> ✅ | G110: =VLOOKUP(B:B,[1]업태상품목록!$B:$C,2,0) -> 하이홈 접착식 후크 고리형 | H110: =VLOOKUP(B:B,[2]점포상품목록!$D:$E,2,0) -> 하이홈 접착식 후크 고리형
A111: 이마트 | B111: 8809057636031 | C111: 2024111300003 | D111: 큐플래시 와이어 클립 북라이트 | E111: =VLOOKUP(B:B,주문서!A:B,2,0) -> #N/A | F111: =IF(D111=E111, "✅", "❌") -> #N/A | G111: =VLOOKUP(B:B,[1]업태상품목록!$B:$C,2,0) -> 큐플래시 와이어 클립 북라이트 | H111: =VLOOKUP(B:B,[2]점포상품목록!$D:$E,2,0) -> 큐플래시 와이어 클립 북라이트
A112: 이마트 | B112: 8809148128599 | C112: 2023121900016 | D112: 라이너스 개별멀티탭 3구 2.5M_베이지 | E112: =VLOOKUP(B:B,주문서!A:B,2,0) -> 라이너스 개별멀티탭 3구 2.5M_베이지 | F112: =IF(D112=E112, "✅", "❌") -> ✅ | G112: =VLOOKUP(B:B,[1]업태상품목록!$B:$C,2,0) -> 라이너스 개별멀티탭 3구 2.5M_베이지 | H112: =VLOOKUP(B:B,[2]점포상품목록!$D:$E,2,0) -> 라이너스 개별멀티탭 3구 2.5M_베이지
A113: 이마트 | B113: 8809148128629 | C113: 2023121900017 | D113: 라이너스 개별멀티탭 4구 1.5M_스카이블루 | E113: =VLOOKUP(B:B,주문서!A:B,2,0) -> 라이너스 개별멀티탭 4구 1.5M_스카이블루 | F113: =IF(D113=E113, "✅", "❌") -> ✅ | G113: =VLOOKUP(B:B,[1]업태상품목록!$B:$C,2,0) -> 라이너스 개별멀티탭 4구 1.5M_스카이블루 | H113: =VLOOKUP(B:B,[2]점포상품목록!$D:$E,2,0) -> 라이너스 개별멀티탭 4구 1.5M_스카이블루
A114: 이마트 | B114: 8809148128636 | C114: 2023121900018 | D114: 라이너스 개별멀티탭 4구 2.5M_핑크 | E114: =VLOOKUP(B:B,주문서!A:B,2,0) -> 라이너스 개별멀티탭 4구 2.5M_핑크 | F114: =IF(D114=E114, "✅", "❌") -> ✅ | G114: =VLOOKUP(B:B,[1]업태상품목록!$B:$C,2,0) -> 라이너스 개별멀티탭 4구 2.5M_핑크 | H114: =VLOOKUP(B:B,[2]점포상품목록!$D:$E,2,0) -> 라이너스 개별멀티탭 4구 2.5M_핑크
A115: 이마트 | B115: 8809599841344 | C115: 2024042300109 | D115: 몬스툴 와이어 브러시세트 | E115: =VLOOKUP(B:B,주문서!A:B,2,0) -> 몬스툴 와이어 브러시세트 | F115: =IF(D115=E115, "✅", "❌") -> ✅ | G115: =VLOOKUP(B:B,[1]업태상품목록!$B:$C,2,0) -> 몬스툴 와이어 브러시세트 | H115: =VLOOKUP(B:B,[2]점포상품목록!$D:$E,2,0) -> 몬스툴 와이어 브러시세트
A116: 이마트 | B116: 8809599841368 | C116: 2024042300111 | D116: 몬스툴 핸드샌딩 스펀지사포 | E116: =VLOOKUP(B:B,주문서!A:B,2,0) -> 몬스툴 핸드샌딩 스펀지사포 | F116: =IF(D116=E116, "✅", "❌") -> ✅ | G116: =VLOOKUP(B:B,[1]업태상품목록!$B:$C,2,0) -> 몬스툴 핸드샌딩 스펀지사포 | H116: =VLOOKUP(B:B,[2]점포상품목록!$D:$E,2,0) -> 몬스툴 핸드샌딩 스펀지사포
A117: 이마트 | B117: 8809599841092 | C117: 8809599841092 | D117: 제로나인 직결사나못 4종 | E117: =VLOOKUP(B:B,주문서!A:B,2,0) -> 제로나인 직결사나못 4종 | F117: =IF(D117=E117, "✅", "❌") -> ✅ | G117: =VLOOKUP(B:B,[1]업태상품목록!$B:$C,2,0) -> 제로나인 직결사나못 4종 | H117: =VLOOKUP(B:B,[2]점포상품목록!$D:$E,2,0) -> 제로나인 직결사나못 4종
A118: 이마트 | B118: 8809599841115 | C118: 8809599841115 | D118: 제로나인 스크류 못 4종 | E118: =VLOOKUP(B:B,주문서!A:B,2,0) -> 제로나인 스크류 못 4종 | F118: =IF(D118=E118, "✅", "❌") -> ✅ | G118: =VLOOKUP(B:B,[1]업태상품목록!$B:$C,2,0) -> 제로나인 스크류 못 4종 | H118: =VLOOKUP(B:B,[2]점포상품목록!$D:$E,2,0) -> 제로나인 스크류 못 4종
A119: 이마트 | B119: 8809599841085 | C119: 8809599841085 | D119: 제로나인 일반나사못 4종 | E119: =VLOOKUP(B:B,주문서!A:B,2,0) -> 제로나인 일반나사못 4종 | F119: =IF(D119=E119, "✅", "❌") -> ✅ | G119: =VLOOKUP(B:B,[1]업태상품목록!$B:$C,2,0) -> 제로나인 일반나사못 4종 | H119: =VLOOKUP(B:B,[2]점포상품목록!$D:$E,2,0) -> 제로나인 일반나사못 4종
A120: 이마트 | B120: 8809057405187 | C120: 2024030500002 | D120: 하이홈 욕실주방용 홈실리콘 백색 100ml | E120: =VLOOKUP(B:B,주문서!A:B,2,0) -> 하이홈 욕실주방용 홈실리콘 백색 100ml | F120: =IF(D120=E120, "✅", "❌") -> ✅ | G120: =VLOOKUP(B:B,[1]업태상품목록!$B:$C,2,0) -> 하이홈 욕실주방용 홈실리콘 백색 100ml | H120: =VLOOKUP(B:B,[2]점포상품목록!$D:$E,2,0) -> 하이홈 욕실주방용 홈실리콘 백색 100ml
A121: 이마트 | B121: 8809057405194 | C121: 2024030500001 | D121: 하이홈 욕실주방용 홈실리콘 투명 100ml | E121: =VLOOKUP(B:B,주문서!A:B,2,0) -> 하이홈 욕실주방용 홈실리콘 투명 100ml | F121: =IF(D121=E121, "✅", "❌") -> ✅ | G121: =VLOOKUP(B:B,[1]업태상품목록!$B:$C,2,0) -> 하이홈 욕실주방용 홈실리콘 투명 100ml | H121: =VLOOKUP(B:B,[2]점포상품목록!$D:$E,2,0) -> 하이홈 욕실주방용 홈실리콘 투명 100ml
A122: 이마트 | B122: 8809774029895 | C122: 2024123000001 | D122: 밸류엠 15W (QC3.0) 고속 분리형 충전기 ( | E122: =VLOOKUP(B:B,주문서!A:B,2,0) -> 밸류엠 15W (QC3.0) 고속 분리형 충전기 ( | F122: =IF(D122=E122, "✅", "❌") -> ✅ | G122: =VLOOKUP(B:B,[1]업태상품목록!$B:$C,2,0) -> 15W (QC3.0) 고속 분리형 충전기 (케이블 | H122: =VLOOKUP(B:B,[2]점포상품목록!$D:$E,2,0) -> 15W (QC3.0) 고속 분리형 충전기 (케이블
... A132: 이마트 | B132: 8809057400038 | C132: 2025041800001 | D132: 몬스툴 파워토크 충전 전동드릴12V (C타입) | E132: =VLOOKUP(B:B,주문서!A:B,2,0) -> 몬스툴 파워토크 충전 전동드릴12V (C타입) | F132: =IF(D132=E132, "✅", "❌") -> ✅ | G132: =VLOOKUP(B:B,[1]업태상품목록!$B:$C,2,0) -> 파워토크 충전 전동드릴12V (C타입) | H132: =VLOOKUP(B:B,[2]점포상품목록!$D:$E,2,0) -> 파워토크 충전 전동드릴12V (C타입)
A133: 이마트 | B133: 8809057630046 | C133: 8809057630046A | D133: 라이너스 해외여행용 어댑터 | E133: =VLOOKUP(B:B,주문서!A:B,2,0) -> 라이너스 해외여행용 어댑터 | F133: =IF(D133=E133, "✅", "❌") -> ✅ | G133: =VLOOKUP(B:B,[1]업태상품목록!$B:$C,2,0) -> 라이너스 해외여행용 어댑터 | H133: =VLOOKUP(B:B,[2]점포상품목록!$D:$E,2,0) -> 라이너스 해외여행용 어댑터
A134: 이마트 | B134: 8809057636017 | C134: 2024111300001 | D134: 알루미늄 다기능 줌 랜턴 | E134: =VLOOKUP(B:B,주문서!A:B,2,0) -> 알루미늄 다기능 줌 랜턴 | F134: =IF(D134=E134, "✅", "❌") -> ✅ | G134: =VLOOKUP(B:B,[1]업태상품목록!$B:$C,2,0) -> 알루미늄 다기능 줌 랜턴 | H134: =VLOOKUP(B:B,[2]점포상품목록!$D:$E,2,0) -> 알루미늄 다기능 줌 랜턴
A135: 이마트 | B135: 8809057636024 | C135: 2024111300002 | D135: 큐플래시 미니 캠핑 랜턴 | E135: =VLOOKUP(B:B,주문서!A:B,2,0) -> #N/A | F135: =IF(D135=E135, "✅", "❌") -> #N/A | G135: =VLOOKUP(B:B,[1]업태상품목록!$B:$C,2,0) -> 큐플래시 미니 캠핑 랜턴 | H135: =VLOOKUP(B:B,[2]점포상품목록!$D:$E,2,0) -> 큐플래시 미니 캠핑 랜턴
A136: 이마트 | B136: 8809148128667 | C136: 2024102300001 | D136: T자형 스위치 3구 멀티탭 | E136: =VLOOKUP(B:B,주문서!A:B,2,0) -> T자형 스위치 3구 멀티탭 | F136: =IF(D136=E136, "✅", "❌") -> ✅ | G136: =VLOOKUP(B:B,[1]업태상품목록!$B:$C,2,0) -> T자형 스위치 3구 멀티탭 | H136: =VLOOKUP(B:B,[2]점포상품목록!$D:$E,2,0) -> T자형 스위치 3구 멀티탭
A137: 이마트 | B137: 8809148128766 | C137: 2025021900002 | D137: 고용량 멀티탭 2구 1.5M 2P 세트 | E137: =VLOOKUP(B:B,주문서!A:B,2,0) -> #N/A | F137: =IF(D137=E137, "✅", "❌") -> #N/A | G137: =VLOOKUP(B:B,[1]업태상품목록!$B:$C,2,0) -> 고용량 멀티탭 2구 1.5M 2P 세트 | H137: =VLOOKUP(B:B,[2]점포상품목록!$D:$E,2,0) -> 고용량 멀티탭 2구 1.5M 2P 세트
A138: 이마트 | B138: 8809148128759 | C138: 2025021900001 | D138: 라이너스 고용량멀티탭 T자 3입세트 | E138: =VLOOKUP(B:B,주문서!A:B,2,0) -> 라이너스 고용량멀티탭 T자 3입세트 | F138: =IF(D138=E138, "✅", "❌") -> ✅ | G138: =VLOOKUP(B:B,[1]업태상품목록!$B:$C,2,0) -> 고용량멀티탭 T자 3입세트 | H138: =VLOOKUP(B:B,[2]점포상품목록!$D:$E,2,0) -> 고용량멀티탭 T자 3입세트
A139: 이마트 | B139: 8809148128711 | C139: 2024112100002 | D139: 몬스툴 다용도 페인트 클립 | E139: =VLOOKUP(B:B,주문서!A:B,2,0) -> #N/A | F139: =IF(D139=E139, "✅", "❌") -> #N/A | G139: =VLOOKUP(B:B,[1]업태상품목록!$B:$C,2,0) -> 몬스툴 다용도 페인트 클립 | H139: =VLOOKUP(B:B,[2]점포상품목록!$D:$E,2,0) -> 몬스툴 다용도 페인트 클립
A140: 이마트 | B140: 8809148128735 | C140: 2025021000001 | D140: 라이너스 고용량 멀티탭 2구 1.5M_그레이 | E140: =VLOOKUP(B:B,주문서!A:B,2,0) -> 라이너스 고용량 멀티탭 2구 1.5M_그레이 | F140: =IF(D140=E140, "✅", "❌") -> ✅ | G140: =VLOOKUP(B:B,[1]업태상품목록!$B:$C,2,0) -> 고용량 멀티탭 2구 1.5M_그레이 | H140: =VLOOKUP(B:B,[2]점포상품목록!$D:$E,2,0) -> 고용량 멀티탭 2구 1.5M_그레이
A141: 이마트 | B141: 8809148128742 | C141: 2025021000002 | D141: 라이너스 고용량 멀티탭 3구 1.5M_그레이 | E141: =VLOOKUP(B:B,주문서!A:B,2,0) -> 라이너스 고용량 멀티탭 3구 1.5M_그레이 | F141: =IF(D141=E141, "✅", "❌") -> ✅ | G141: =VLOOKUP(B:B,[1]업태상품목록!$B:$C,2,0) -> 고용량 멀티탭 3구 1.5M_그레이 | H141: =VLOOKUP(B:B,[2]점포상품목록!$D:$E,2,0) -> 고용량 멀티탭 3구 1.5M_그레이
A142: 이마트 | B142: 8809580801586 | C142: 2023051800002 | D142: 솔루엠 25W 고속충전기세트 (C TO C) | E142: =VLOOKUP(B:B,주문서!A:B,2,0) -> 솔루엠 25W 고속충전기세트 (C TO C) | F142: =IF(D142=E142, "✅", "❌") -> ✅ | G142: =VLOOKUP(B:B,[1]업태상품목록!$B:$C,2,0) -> 솔루엠 25W 고속충전기세트 (C TO C) | H142: =VLOOKUP(B:B,[2]점포상품목록!$D:$E,2,0) -> 솔루엠 25W 고속충전기세트 (C TO C)
A143: 이마트 | B143: 8809148122498 | C143: 2023052200001 | D143: 멀티탭 기획세트( 4구+3구)_3M | E143: =VLOOKUP(B:B,주문서!A:B,2,0) -> #N/A | F143: =IF(D143=E143, "✅", "❌") -> #N/A | G143: =VLOOKUP(B:B,[1]업태상품목록!$B:$C,2,0) -> 멀티탭 기획세트( 4구+3구)_3M | H143: =VLOOKUP(B:B,[2]점포상품목록!$D:$E,2,0) -> 멀티탭 기획세트( 4구+3구)_3M
A144: 이마트 | B144: 8809550590205 | C144: 8809550590205 | D144: 에이원 펜타입 접착제 3g | E144: =VLOOKUP(B:B,주문서!A:B,2,0) -> 에이원 펜타입 접착제 3g | F144: =IF(D144=E144, "✅", "❌") -> ✅ | G144: =VLOOKUP(B:B,[1]업태상품목록!$B:$C,2,0) -> 에이원 펜타입 접착제 3g | H144: =VLOOKUP(B:B,[2]점포상품목록!$D:$E,2,0) -> 에이원 펜타입 접착제 3g
A145: 이마트 | B145: 8809580801524 | C145: 2023051800001 | D145: 솔루엠 25W 고속충전기 (C타입) | E145: =VLOOKUP(B:B,주문서!A:B,2,0) -> 솔루엠 25W 고속충전기 (C타입) | F145: =IF(D145=E145, "✅", "❌") -> ✅ | G145: =VLOOKUP(B:B,[1]업태상품목록!$B:$C,2,0) -> 솔루엠 25W 고속충전기 (C타입) | H145: =VLOOKUP(B:B,[2]점포상품목록!$D:$E,2,0) -> 솔루엠 25W 고속충전기 (C타입)
... A185: 이마트 | B185: 8809148122689 | C185: 2024071600002 | D185: USB멀티콘센트 3구 6포트 3M | E185: =VLOOKUP(B:B,주문서!A:B,2,0) -> #N/A | F185: =IF(D185=E185, "✅", "❌") -> #N/A | G185: =VLOOKUP(B:B,[1]업태상품목록!$B:$C,2,0) -> USB멀티콘센트 3구 6포트 3M | H185: =VLOOKUP(B:B,[2]점포상품목록!$D:$E,2,0) -> USB멀티콘센트 3구 6포트 3M
A186: 이마트 | B186: 8809057632217 | C186: 8809057632217 | E186: =VLOOKUP(B:B,주문서!A:B,2,0) -> #N/A | F186: =IF(D186=E186, "✅", "❌") -> #N/A | G186: =VLOOKUP(B:B,[1]업태상품목록!$B:$C,2,0) -> #N/A | H186: =VLOOKUP(B:B,[2]점포상품목록!$D:$E,2,0) -> #N/A
A187: 이마트 | B187: 8809599841283 | C187: 2024042300104 | D187: 몬스툴 건타카 리필심 2000PCS(6mm) | E187: =VLOOKUP(B:B,주문서!A:B,2,0) -> 몬스툴 건타카 리필심 2000PCS(6mm) | F187: =IF(D187=E187, "✅", "❌") -> ✅ | G187: =VLOOKUP(B:B,[1]업태상품목록!$B:$C,2,0) -> 몬스툴 건타카 리필심 2000PCS(6mm) | H187: =VLOOKUP(B:B,[2]점포상품목록!$D:$E,2,0) -> 몬스툴 건타카 리필심 2000PCS(6mm)
A188: 이마트 | B188: 8809599841290 | C188: 2024042300106 | D188: 몬스툴 와이드 멍키스패너 150MM | E188: =VLOOKUP(B:B,주문서!A:B,2,0) -> 몬스툴 와이드 멍키스패너 150MM | F188: =IF(D188=E188, "✅", "❌") -> ✅ | G188: =VLOOKUP(B:B,[1]업태상품목록!$B:$C,2,0) -> 몬스툴 와이드 멍키스패너 150MM | H188: =VLOOKUP(B:B,[2]점포상품목록!$D:$E,2,0) -> 몬스툴 와이드 멍키스패너 150MM
A189: 이마트 | B189: 8809599841214 | C189: 2024042300002 | D189: 제로나인 오토락줄자 3M | E189: =VLOOKUP(B:B,주문서!A:B,2,0) -> 제로나인 오토락줄자 3M | F189: =IF(D189=E189, "✅", "❌") -> ✅ | G189: =VLOOKUP(B:B,[1]업태상품목록!$B:$C,2,0) -> 제로나인 오토락줄자 3M | H189: =VLOOKUP(B:B,[2]점포상품목록!$D:$E,2,0) -> 제로나인 오토락줄자 3M
A190: 이마트 | B190: 8809148123785 | C190: 2024090600001 | D190: 몬스툴 다목적 가스라이터 | E190: =VLOOKUP(B:B,주문서!A:B,2,0) -> 몬스툴 다목적 가스라이터 | F190: =IF(D190=E190, "✅", "❌") -> ✅ | G190: =VLOOKUP(B:B,[1]업태상품목록!$B:$C,2,0) -> 몬스툴 다목적 가스라이터 | H190: =VLOOKUP(B:B,[2]점포상품목록!$D:$E,2,0) -> 몬스툴 다목적 가스라이터
A191: 이마트 | B191: 8809148128650 | C191: 2024102300002 | D191: 멀티탭 3입세트(개별멀티탭+T형멀티탭) | E191: =VLOOKUP(B:B,주문서!A:B,2,0) -> #N/A | F191: =IF(D191=E191, "✅", "❌") -> #N/A | G191: =VLOOKUP(B:B,[1]업태상품목록!$B:$C,2,0) -> 멀티탭 3입세트(개별멀티탭+T형멀티탭) | H191: =VLOOKUP(B:B,[2]점포상품목록!$D:$E,2,0) -> 멀티탭 3입세트(개별멀티탭+T형멀티탭)
A192: 이마트 | B192: 8809599840736 | C192: 2020051500002 | D192: 제로나인 S자 고리 90mm 3P | E192: =VLOOKUP(B:B,주문서!A:B,2,0) -> 제로나인 S자 고리 90mm 3P | F192: =IF(D192=E192, "✅", "❌") -> ✅ | G192: =VLOOKUP(B:B,[1]업태상품목록!$B:$C,2,0) -> 제로나인 S자 고리 90mm 3P | H192: =VLOOKUP(B:B,[2]점포상품목록!$D:$E,2,0) -> 제로나인 S자 고리 90mm 3P
A193: 이마트 | B193: 8809599840804 | C193: 2020041400006 | D193: 제로나인 직결나사못-19mm | E193: =VLOOKUP(B:B,주문서!A:B,2,0) -> 제로나인 직결나사못-19mm | F193: =IF(D193=E193, "✅", "❌") -> ✅ | G193: =VLOOKUP(B:B,[1]업태상품목록!$B:$C,2,0) -> 제로나인 직결나사못-19mm | H193: =VLOOKUP(B:B,[2]점포상품목록!$D:$E,2,0) -> 제로나인 직결나사못-19mm
A194: 이마트 | B194: 8809599840453 | C194: 2019070500008 | D194: 제로나인 펜 정밀 드라이버 8in1 | E194: =VLOOKUP(B:B,주문서!A:B,2,0) -> #N/A | F194: =IF(D194=E194, "✅", "❌") -> #N/A | G194: =VLOOKUP(B:B,[1]업태상품목록!$B:$C,2,0) -> 제로나인 펜 정밀 드라이버 8in1 | H194: =VLOOKUP(B:B,[2]점포상품목록!$D:$E,2,0) -> 제로나인 펜 정밀 드라이버 8in1
A195: 이마트 | B195: 8809599840866 | C195: 2020041400012 | D195: 제로나인 콘크리트못 25P - 50mm | E195: =VLOOKUP(B:B,주문서!A:B,2,0) -> #N/A | F195: =IF(D195=E195, "✅", "❌") -> #N/A | G195: =VLOOKUP(B:B,[1]업태상품목록!$B:$C,2,0) -> 제로나인 콘크리트못 25P - 50mm | H195: =VLOOKUP(B:B,[2]점포상품목록!$D:$E,2,0) -> 제로나인 콘크리트못 25P - 50mm
A196: 이마트 | B196: 8809599840880 | C196: 2020041400014 | D196: 제로나인 타격 앙카 12P - 5mm | E196: =VLOOKUP(B:B,주문서!A:B,2,0) -> 제로나인 타격 앙카 12P - 5mm | F196: =IF(D196=E196, "✅", "❌") -> ✅ | G196: =VLOOKUP(B:B,[1]업태상품목록!$B:$C,2,0) -> 제로나인 타격 앙카 12P - 5mm | H196: =VLOOKUP(B:B,[2]점포상품목록!$D:$E,2,0) -> 제로나인 타격 앙카 12P - 5mm
A197: 이마트 | B197: 8809599840910 | C197: 2020041400017 | D197: 제로나인 칼블럭 25P - 7mm | E197: =VLOOKUP(B:B,주문서!A:B,2,0) -> 제로나인 칼블럭 25P - 7mm | F197: =IF(D197=E197, "✅", "❌") -> ✅ | G197: =VLOOKUP(B:B,[1]업태상품목록!$B:$C,2,0) -> 제로나인 칼블럭 25P - 7mm | H197: =VLOOKUP(B:B,[2]점포상품목록!$D:$E,2,0) -> 제로나인 칼블럭 25P - 7mm
A198: 이마트 | B198: 8809599840408 | C198: 2019070500003 | D198: 제로나인롱노우즈 185MM | E198: =VLOOKUP(B:B,주문서!A:B,2,0) -> 제로나인롱노우즈 185MM | F198: =IF(D198=E198, "✅", "❌") -> ✅ | G198: =VLOOKUP(B:B,[1]업태상품목록!$B:$C,2,0) -> 제로나인롱노우즈 185MM | H198: =VLOOKUP(B:B,[2]점포상품목록!$D:$E,2,0) -> 제로나인롱노우즈 185MM
... A203: 이마트 | B203: 8809599840552 | C203: 2019070500018 | D203: 제로나인 다용도가위 185MM | E203: =VLOOKUP(B:B,주문서!A:B,2,0) -> 제로나인 다용도가위 185MM | F203: =IF(D203=E203, "✅", "❌") -> ✅ | G203: =VLOOKUP(B:B,[1]업태상품목록!$B:$C,2,0) -> 제로나인 다용도가위 185MM | H203: =VLOOKUP(B:B,[2]점포상품목록!$D:$E,2,0) -> 제로나인 다용도가위 185MM
A204: 이마트 | B204: 8809599840699 | C204: 2019111500001 | E204: =VLOOKUP(B:B,주문서!A:B,2,0) -> #N/A | F204: =IF(D204=E204, "✅", "❌") -> #N/A | G204: =VLOOKUP(B:B,[1]업태상품목록!$B:$C,2,0) -> #N/A | H204: =VLOOKUP(B:B,[2]점포상품목록!$D:$E,2,0) -> #N/A
A205: 이마트 | B205: 8809599840705 | C205: 2019121200001 | E205: =VLOOKUP(B:B,주문서!A:B,2,0) -> #N/A | F205: =IF(D205=E205, "✅", "❌") -> #N/A | G205: =VLOOKUP(B:B,[1]업태상품목록!$B:$C,2,0) -> #N/A | H205: =VLOOKUP(B:B,[2]점포상품목록!$D:$E,2,0) -> #N/A
A206: 이마트 | B206: 8809599840712 | C206: 2019112900001 | E206: =VLOOKUP(B:B,주문서!A:B,2,0) -> #N/A | F206: =IF(D206=E206, "✅", "❌") -> #N/A | G206: =VLOOKUP(B:B,[1]업태상품목록!$B:$C,2,0) -> #N/A | H206: =VLOOKUP(B:B,[2]점포상품목록!$D:$E,2,0) -> #N/A
A207: 이마트 | B207: 8809148128810 | C207: 2025112500068 | D207: 알루미늄 고용량 멀티탭 2구 1.5M (2P) | E207: =VLOOKUP(B:B,주문서!A:B,2,0) -> 알루미늄 고용량 멀티탭 2구 1.5M (2P) | F207: =IF(D207=E207, "✅", "❌") -> ✅ | G207: =VLOOKUP(B:B,[1]업태상품목록!$B:$C,2,0) -> 알루미늄 고용량 멀티탭 2구 1.5M (2P) | H207: =VLOOKUP(B:B,[2]점포상품목록!$D:$E,2,0) -> 알루미늄 고용량 멀티탭 2구 1.5M (2P)
A208: 이마트 | B208: 8800272201486 | C208: 2025082500001 | D208: 22.5W 고속미니보조배터리_화이트 | E208: =VLOOKUP(B:B,주문서!A:B,2,0) -> 22.5W 고속미니보조배터리_화이트 | F208: =IF(D208=E208, "✅", "❌") -> ✅ | G208: =VLOOKUP(B:B,[1]업태상품목록!$B:$C,2,0) -> 고속미니보조배터리_화이트 | H208: =VLOOKUP(B:B,[2]점포상품목록!$D:$E,2,0) -> 고속미니보조배터리_화이트
A209: 이마트 | B209: 8800272201523 | C209: 2025082500002 | D209: 22.5W 고속미니보조배터리_블랙 | E209: =VLOOKUP(B:B,주문서!A:B,2,0) -> 22.5W 고속미니보조배터리_블랙 | F209: =IF(D209=E209, "✅", "❌") -> ✅ | G209: =VLOOKUP(B:B,[1]업태상품목록!$B:$C,2,0) -> 고속미니보조배터리_블랙 | H209: =VLOOKUP(B:B,[2]점포상품목록!$D:$E,2,0) -> 고속미니보조배터리_블랙
A210: 이마트 | B210: 8800272201530 | C210: 2025101300001 | D210: 22.5W 고속미니보조배터리_옐로우 | E210: =VLOOKUP(B:B,주문서!A:B,2,0) -> 22.5W 고속미니보조배터리_옐로우 | F210: =IF(D210=E210, "✅", "❌") -> ✅ | G210: =VLOOKUP(B:B,[1]업태상품목록!$B:$C,2,0) -> 22.5W 고속미니보조배터리 | H210: =VLOOKUP(B:B,[2]점포상품목록!$D:$E,2,0) -> 22.5W 고속미니보조배터리
A211: 이마트 | B211: 8809599841450 | C211: 2025061700001 | D211: 몬스툴 그립 멍키스패너 200mm | E211: =VLOOKUP(B:B,주문서!A:B,2,0) -> 몬스툴 그립 멍키스패너 200mm | F211: =IF(D211=E211, "✅", "❌") -> ✅ | G211: =VLOOKUP(B:B,[1]업태상품목록!$B:$C,2,0) -> 그립 멍키스패너 200mm | H211: =VLOOKUP(B:B,[2]점포상품목록!$D:$E,2,0) -> 그립 멍키스패너 200mm

Sheet 주문서
A1: 8809599841450 | B1: 몬스툴 그립 멍키스패너 200mm
A2: 8809599840514 | B2: 제로나인다용도스크레퍼 75MM
A3: 8809057405118 | B3: 하이홈 일반용(백색) 80ml
A4: 8809599840460 | B4: 제로나인 정밀 드라이버 세트
A5: 8809599840415 | B5: 제로나인 스틸 망치
A6: 8809599840552 | B6: 제로나인 다용도가위 185MM
A7: 8809599841412 | B7: 제로나인 T14 공구함 (중)
A8: 8809774025071 | B8: Cto8 PD 20W 고속 데이터 케이블 1.2M
A9: 8809599840439 | B9: 제로나인 논슬립 양용 드라이버
A10: 8809599841115 | B10: 제로나인 스크류 못 4종
A11: 8809599840408 | B11: 제로나인롱노우즈 185MM
A12: 8809057630046 | B12: 라이너스 해외여행용 어댑터
... A2461: 8809599840545 | B2461: 제로나인 작업용커터칼 18mm
